{
    "simple": [0.02668437575464866, 0.018353054817676906, 0.010504709007486124, 0.013523303549867194],
    "no_stopwords": [0.02632214440956293, 0.02245834339531516, 0.023062062303791375, 0.022096112050229433],
    "spacy_nouns": [0.014730741366819622, 0.011953634387829037, 0.007486114465105054, 0.009780246317314667],
    "median_word_length": [0.008331320936971753, 0.006520164211543111, 0.0057957015213716545, 0.006640907993238354]
}