{
    "K = 8": [
        4.928988865781962,
        5.473067532133598,
        4.18460681428429,
        5.254823684546761
    ],
    "K = 10": [
        5.208918377311114,
        5.052170663722811,
        4.57426399880761,
        4.822127393429521
    ],
    "K = 12": [
        5.195913007001621,
        5.326163926660544,
        4.6524529618856905,
        4.368896297104269
    ]
}
