{
    "simple": [ 
        0.04407148031876362,
        0.03404974643805847,
        0.02113016179666749,
        0.03308379618449653
    ],
    "no_stopwords": [    
        0.026201400627867688,
        0.025114706592610503,
        0.025114706592610503,
        0.021371649360057976
    ],
    "spacy_nouns": [    
        0.014851485148514865,
        0.013523303549867194,
        0.009297271190533696,
        0.011712146824438552
    ],
    "median_word_length": [    
        0.013885534894952922,
        0.011591403042743309,
        0.01376479111325768,
        0.012678097078000494
    ]
}