{
    "simple": [ 
        0.023786524993962832,
        0.02028495532480079,
        0.010987684134267095,
        0.013885534894952922
    ],
    "no_stopwords": [    
        0.029944457860420215,
        0.02535619415600099,
        0.022941318522096132,
        0.025597681719391474
    ],
    "spacy_nouns": [    
        0.013281815986476708,
        0.011349915479352823,
        0.010263221444095638,
        0.011349915479352823
    ],
    "median_word_length": [    
        0.017507848345810206,
        0.01642115431055302,
        0.014127022458343408,
        0.015334460275295836
    ]
}